[
  {
    "nom": "Ain",
    "slug": "ain",
    "code": "01"
  },
  {
    "nom": "Aisne",
    "slug": "aisne",
    "code": "02"
  },
  {
    "nom": "Allier",
    "slug": "allier",
    "code": "03"
  },
  {
    "nom": "Alpes-de-Haute-Provence",
    "slug": "alpes-de-haute-provence",
    "code": "04"
  },
  {
    "nom": "Hautes-Alpes",
    "slug": "hautes-alpes",
    "code": "05"
  },
  {
    "nom": "Alpes-Maritimes",
    "slug": "alpes-maritimes",
    "code": "06"
  },
  {
    "nom": "Ardèche",
    "slug": "ardeche",
    "code": "07"
  },
  {
    "nom": "Ardennes",
    "slug": "ardennes",
    "code": "08"
  },
  {
    "nom": "Ariège",
    "slug": "ariege",
    "code": "09"
  },
  {
    "nom": "Aube",
    "slug": "aube",
    "code": "10"
  },
  {
    "nom": "Aude",
    "slug": "aude",
    "code": "11"
  },
  {
    "nom": "Aveyron",
    "slug": "aveyron",
    "code": "12"
  },
  {
    "nom": "Bouches-du-Rhône",
    "slug": "bouches-du-rhone",
    "code": "13"
  },
  {
    "nom": "Calvados",
    "slug": "calvados",
    "code": "14"
  },
  {
    "nom": "Cantal",
    "slug": "cantal",
    "code": "15"
  },
  {
    "nom": "Charente",
    "slug": "charente",
    "code": "16"
  },
  {
    "nom": "Charente-Maritime",
    "slug": "charente-maritime",
    "code": "17"
  },
  {
    "nom": "Cher",
    "slug": "cher",
    "code": "18"
  },
  {
    "nom": "Corrèze",
    "slug": "correze",
    "code": "19"
  },
  {
    "nom": "Corse-du-Sud",
    "slug": "corse-du-sud",
    "code": "2A"
  },
  {
    "nom": "Haute-Corse",
    "slug": "haute-corse",
    "code": "2B"
  },
  {
    "nom": "Côte-d'Or",
    "slug": "cote-d-or",
    "code": "21"
  },
  {
    "nom": "Côtes-d'Armor",
    "slug": "cotes-d-armor",
    "code": "22"
  },
  {
    "nom": "Creuse",
    "slug": "creuse",
    "code": "23"
  },
  {
    "nom": "Dordogne",
    "slug": "dordogne",
    "code": "24"
  },
  {
    "nom": "Doubs",
    "slug": "doubs",
    "code": "25"
  },
  {
    "nom": "Drôme",
    "slug": "drome",
    "code": "26"
  },
  {
    "nom": "Eure",
    "slug": "eure",
    "code": "27"
  },
  {
    "nom": "Eure-et-Loir",
    "slug": "eure-et-loir",
    "code": "28"
  },
  {
    "nom": "Finistère",
    "slug": "finistere",
    "code": "29"
  },
  {
    "nom": "Gard",
    "slug": "gard",
    "code": "30"
  },
  {
    "nom": "Haute-Garonne",
    "slug": "haute-garonne",
    "code": "31"
  },
  {
    "nom": "Gers",
    "slug": "gers",
    "code": "32"
  },
  {
    "nom": "Gironde",
    "slug": "gironde",
    "code": "33"
  },
  {
    "nom": "Hérault",
    "slug": "herault",
    "code": "34"
  },
  {
    "nom": "Ille-et-Vilaine",
    "slug": "ille-et-vilaine",
    "code": "35"
  },
  {
    "nom": "Indre",
    "slug": "indre",
    "code": "36"
  },
  {
    "nom": "Indre-et-Loire",
    "slug": "indre-et-loire",
    "code": "37"
  },
  {
    "nom": "Isère",
    "slug": "isere",
    "code": "38"
  },
  {
    "nom": "Jura",
    "slug": "jura",
    "code": "39"
  },
  {
    "nom": "Landes",
    "slug": "landes",
    "code": "40"
  },
  {
    "nom": "Loir-et-Cher",
    "slug": "loir-et-cher",
    "code": "41"
  },
  {
    "nom": "Loire",
    "slug": "loire",
    "code": "42"
  },
  {
    "nom": "Haute-Loire",
    "slug": "haute-loire",
    "code": "43"
  },
  {
    "nom": "Loire-Atlantique",
    "slug": "loire-atlantique",
    "code": "44"
  },
  {
    "nom": "Loiret",
    "slug": "loiret",
    "code": "45"
  },
  {
    "nom": "Lot",
    "slug": "lot",
    "code": "46"
  },
  {
    "nom": "Lot-et-Garonne",
    "slug": "lot-et-garonne",
    "code": "47"
  },
  {
    "nom": "Lozère",
    "slug": "lozere",
    "code": "48"
  },
  {
    "nom": "Maine-et-Loire",
    "slug": "maine-et-loire",
    "code": "49"
  },
  {
    "nom": "Manche",
    "slug": "manche",
    "code": "50"
  },
  {
    "nom": "Marne",
    "slug": "marne",
    "code": "51"
  },
  {
    "nom": "Haute-Marne",
    "slug": "haute-marne",
    "code": "52"
  },
  {
    "nom": "Mayenne",
    "slug": "mayenne",
    "code": "53"
  },
  {
    "nom": "Meurthe-et-Moselle",
    "slug": "meurthe-et-moselle",
    "code": "54"
  },
  {
    "nom": "Meuse",
    "slug": "meuse",
    "code": "55"
  },
  {
    "nom": "Morbihan",
    "slug": "morbihan",
    "code": "56"
  },
  {
    "nom": "Moselle",
    "slug": "moselle",
    "code": "57"
  },
  {
    "nom": "Nièvre",
    "slug": "nievre",
    "code": "58"
  },
  {
    "nom": "Nord",
    "slug": "nord",
    "code": "51"
  },
  {
    "nom": "Oise",
    "slug": "oise",
    "code": "60"
  },
  {
    "nom": "Orne",
    "slug": "orne",
    "code": "61"
  },
  {
    "nom": "Pas-de-Calais",
    "slug": "pas-de-calais",
    "code": "62"
  },
  {
    "nom": "Puy-de-Dôme",
    "slug": "puy-de-dome",
    "code": "63"
  },
  {
    "nom": "Pyrénées-Atlantiques",
    "slug": "pyrenees-atlantiques",
    "code": "64"
  },
  {
    "nom": "Hautes-Pyrénées",
    "slug": "hautes-pyrenees",
    "code": "65"
  },
  {
    "nom": "Pyrénées-Orientales",
    "slug": "pyrenees-orientales",
    "code": "66"
  },
  {
    "nom": "Bas-Rhin",
    "slug": "bas-rhin",
    "code": "67"
  },
  {
    "nom": "Haut-Rhin",
    "slug": "haut-rhin",
    "code": "68"
  },
  {
    "nom": "Rhône",
    "slug": "rhone",
    "code": "69"
  },
  {
    "nom": "Haute-Saône",
    "slug": "haute-saone",
    "code": "70"
  },
  {
    "nom": "Saône-et-Loire",
    "slug": "saone-et-loire",
    "code": "71"
  },
  {
    "nom": "Sarthe",
    "slug": "sarthe",
    "code": "72"
  },
  {
    "nom": "Savoie",
    "slug": "savoie",
    "code": "73"
  },
  {
    "nom": "Haute-Savoie",
    "slug": "haute-savoie",
    "code": "74"
  },
  {
    "nom": "Paris",
    "slug": "paris",
    "code": "75"
  },
  {
    "nom": "Seine-Maritime",
    "slug": "seine-maritime",
    "code": "76"
  },
  {
    "nom": "Seine-et-Marne",
    "slug": "seine-et-marne",
    "code": "77"
  },
  {
    "nom": "Yvelines",
    "slug": "yvelines",
    "code": "78"
  },
  {
    "nom": "Deux-Sèvres",
    "slug": "deux-sevres",
    "code": "79"
  },
  {
    "nom": "Somme",
    "slug": "somme",
    "code": "80"
  },
  {
    "nom": "Tarn",
    "slug": "tarn",
    "code": "81"
  },
  {
    "nom": "Tarn-et-Garonne",
    "slug": "tarn-et-garonne",
    "code": "82"
  },
  {
    "nom": "Var",
    "slug": "var",
    "code": "83"
  },
  {
    "nom": "Vaucluse",
    "slug": "vaucluse",
    "code": "84"
  },
  {
    "nom": "Vendée",
    "slug": "vendee",
    "code": "85"
  },
  {
    "nom": "Vienne",
    "slug": "vienne",
    "code": "86"
  },
  {
    "nom": "Haute-Vienne",
    "slug": "haute-vienne",
    "code": "87"
  },
  {
    "nom": "Vosges",
    "slug": "vosges",
    "code": "88"
  },
  {
    "nom": "Yonne",
    "slug": "yonne",
    "code": "89"
  },
  {
    "nom": "Territoire de Belfort",
    "slug": "territoire-de-belfort",
    "code": "90"
  },
  {
    "nom": "Essonne",
    "slug": "essonne",
    "code": "91"
  },
  {
    "nom": "Hauts-de-Seine",
    "slug": "hauts-de-seine",
    "code": "92"
  },
  {
    "nom": "Seine-Saint-Denis",
    "slug": "seine-saint-denis",
    "code": "93"
  },
  {
    "nom": "Val-de-Marne",
    "slug": "val-de-marne",
    "code": "94"
  },
  {
    "nom": "Val-d'Oise",
    "slug": "val-d-oise",
    "code": "95"
  },
  {
    "nom": "Guadeloupe",
    "slug": "guadeloupe",
    "code": "971"
  },
  {
    "nom": "Martinique",
    "slug": "martinique",
    "code": "972"
  },
  {
    "nom": "Guyane",
    "slug": "guyane",
    "code": "973"
  },
  {
    "nom": "La Réunion",
    "slug": "la-reunion",
    "code": "974"
  },
  {
    "nom": "Mayotte",
    "slug": "mayotte",
    "code": "976"
  }
]